Code postal;Numéro;Implantation;Date de mise en service
75001;44805;Rue de Rivoli, rue du 29 Juillet;08/06/12
75001;46685;Avenue du Général Lemonnier, rue de Rivoli;20/01/12
75001;58791;Place Joachim du Bellay, rue des Innocents;09/03/12
75001;67140;Rue de Rivoli, rue de Marengo;08/06/12
75001;67865;Rue Coquillière, rue du Louvre;04/05/12
75001;70744;Place Maurice Quentin;04/05/12
75001;74254;Rue du Cygne, rue Saint-Denis;24/02/12
75001;77747;Place Joachim du Bellay, rue Berger, rue Saint-Denis;03/02/12
75001;79769;Rue Croix des Petits Champs, rue Vrillière;04/05/12
75001;79777;Place du Carrousel;22/02/13
75001;79901;Rue de Rivoli, rue de Castiglione;25/05/12
75001;82064;Rue de la Reynie, boulevard de Sébastopol;17/02/12
75001;82655;Rue Pierre Lescot, rue de la Cossonnerie;02/03/12
75001;88364;Pont Neuf amont — Seine;22/05/15
75001;92689;Pont de la Concorde aval — Seine;01/03/13
75001;99000;Quai François Mitterrand, Pont du Carrousel;01/03/13
75001;99375;Pont Neuf en aval — Seine;22/05/15
75002;02033;Rue de la Lune, rue Notre-Dame de Bonne Nouvelle;25/11/16
75002;12927;Rue du Saint-Denis, rue Greneta;06/07/12
75002;15493;Boulevard des Capucines, rue Caumartin;13/04/12
75002;15991;Rue Saint-Denis, rue Sainte-Apolline;21/09/12
75002;17326;Rue d'Antin, avenue de l'Opéra;12/10/12
75002;18870;Rue Réaumur, rue Saint-Denis;21/12/11
75002;22579;Rue Réaumur, boulevard de Sébastopol;20/07/12
75002;26709;Rue de Gramont, boulevard des Italiens;08/06/12
75002;29697;Rue Drouot, boulevard Haussmann;13/04/12
75002;40753;Rue Daunou, rue de la Paix;30/03/12
75002;67171;19, boulevard Poissonnière;04/05/12
75002;70766;Boulevard des Italiens, rue de la Michodière;03/08/12
75002;72618;Boulevard Poissonnière, rue Poissonnière;26/10/12
75002;72870;Rue Radziwill, rue des Petits Champs;09/03/12
75002;78022;Rue Réaumur, rue des Petits Carreaux;18/01/13
75002;88097;Boulevard Poissonnière, rue Montmartre;09/03/12
75002;89465;Rue Danielle Casanova, avenue de l'Opéra;12/10/12
75002;89516;Boulevard des Italiens, rue Le Peletier, rue Favart;13/04/12
75002;91229;Boulevard Saint-Denis, boulevard de Sébastopol;22/06/12
75002;96475;Rue Vivienne, boulevard Montmartre;22/06/12
75003;03033;Rue de Montgolfier, rue Borda;28/07/16
75003;03036;Rue du Temple, rue Michel le Comte;29/07/16
75003;03040;Rue Vieille du Temple, rue de la Perle;08/07/16
75003;23535;Rue du Temple, rue Rambuteau;13/01/12
75003;27377;Rue de Turbigo, rue des Fontaines du Temple;18/05/12
75003;27643;Place de la République, boulevard du Temple;14/09/12
75003;29963;Boulevard Beaumarchais, rue Saint-Sébastien;17/08/12
75003;36697;Rue Réaumur, rue de Turbigo;20/01/12
75003;40244;Boulevard de Sébastopol, rue de Turbigo;25/05/12
75003;45415;Boulevard des Filles du Calvaire, rue des Filles du Calvaire;06/07/12
75003;54318;Rue Perrée, rue Eugène Spuller;29/06/12
75003;55744;9, place de la République;28/09/12
75003;56119;Rue de Picardie, rue de Franche Comté;29/06/12
75003;76984;Rue de Réaumur, rue de Bretagne;29/06/12
75005;61991;Boulevard Saint-Michel, boulevard Saint- Germain;15/06/12
75005;62185;Rue Saint-Jacques, rue Gay Lussac;21/12/11
75005;63441;81, boulevard de Port-Royal;15/06/12
75005;65348;Quai de Montebello, rue du Petit Pont;01/02/13
75005;65680;Place du Panthéon, rue d'Ulm, rue Clotaire;21/12/11
75005;69567;Place Saint-Michel, pont Saint-Michel;29/03/13
75005;73849;Rue Saint-Julien le Pauvre, rue Galande;25/05/12
75005;76722;Rue Monge, rue Larrey;10/02/12
75005;92343;Rue des Bernardins, quai de la Tournelle;21/12/11
75005;96233;Pont Saint-Michel rive gauche en aval — Seine;29/03/13
75005;96546;Rue Monge, rue Censier;24/02/12
75006;06034;Rue Auguste Comte, avenue de l'Observatoire, place André Honorat;09/09/16
75006;10124;Rue de Rennes, rue de Vaugirard;18/05/12
75006;11093;Boulevard Saint-Germain, place Saint-Germain-des-Prés;30/03/12
75006;11106;Boulevard Saint-Michel, rue Serpente;19/10/12
75006;13067;Boulevard Raspail, rue de Rennes;18/05/12
75006;23489;Boulevard Saint-Germain, rue de l'Ecole de Médecine;10/02/12
75006;24647;Rue des Saints-Pères, boulevard Saint-Germain;
75006;26704;Rue d'Assas, rue de Rennes;21/09/12
75006;27767;Pont Neuf, rive Gauche;20/01/12
75006;27809;Place de l'Acadie, rue de Buci, boulevard Saint-Germain;25/05/12
75006;29482;Rue d'Assas, rue Auguste Comte;24/08/12
75006;30579;Rue du Four, rue du Cherche Midi;23/03/12
75006;31195;Quai de Conti, pont Neuf;17/02/12
75006;35348;Rue de l'Ecole de Médecine, boulevard Saint-Michel, rue Racine;08/06/12
75006;41562;Boulevard Raspail, boulevard du Montparnasse;25/05/12
75006;43190;Rue de Sèvres, boulevard Raspail;23/03/12
75006;57429;Place Henri Mondor — boulevard Saint- Germain, rue de l'Odéon;30/03/12
75006;61344;Place de l'Institut;25/05/12
75006;63215;Rue Saint-André des Arts, place Saint- Michel;21/12/11
75006;64061;Rue de Vaugirard, boulevard Raspail;15/06/12
75006;64111;Rue Monsieur Le Prince, rue Racine;17/02/12
75006;69103;Place du 18 Juin 1940, rue de Rennes;24/02/12
75006;86313;Quai Malaquais, rue Bonaparte;21/12/11
75006;91297;Rue du Vieux Colombier, rue du Cherche Midi;18/05/12
75006;93838;Rue de Rennes, rue du Four;11/05/12
75006;98526;Rue du Vieux Colombier, rue Bonaparte;21/12/11
75007;07080;Quai d'Orsay, rue Robert Esnault Pelterie;27/05/16
75007;07087;Rue de Grenelle, square de La Tour-Maubourg;07/09/17
75007;07089;Avenue Charles Risler, allée Pierre Loti;27/05/16
75007;07090;Avenue du Docteur Brouardel, alléeThomy Thierry;27/05/16
75007;10583;Pilier Est de la Tour Eiffel;15/06/12
75007;11361;Place Saint-Thomas d'Aquin, rue Saint-Thomas d'Aquin;24/02/12
75007;14157;Rue Saint-Dominique, rue Cler;16/11/12
75007;17103;Quai Branly, avenue de Suffren;15/06/12
75007;17567;Avenue Saxe, avenue Breteuil (place de Breteuil);03/02/12
75007;18769;Place André Tardieu;24/02/12
75007;20276;Rue Duroc, boulevard des Invalides;21/09/12
75008;08122;Avenue Montaigne, rue du Boccador;20/02/17
75008;08123;Rue Jean Goujon, rue François 1er;20/02/17
75008;08126;Rue Laure Diebold, rue Louis de Funès;
75008;08127;Avenue du Faubourg Saint-Honoré, rue Laure Diebold;19/12/17
75008;08128;Rue du Rocher, rue de Monceau;06/10/16
75008;08129;Avenue Montaigne Nord, rue François 1er;23/03/17
75008;08130;Avenue Montaigne Sud, rue François 1er;16/02/17
75008;14362;Obélisque, place de la Concorde;14/12/12
75008;16526;Avenue Franklin Roosevelt, Cours de la Reine;21/12/12
75008;18514;Boulevard des Batignolles, rue de Rome;03/02/12
75008;19898;Place de Dublin, rue de Saint-Petersbourg;21/12/11
75008;20103;Place des Ternes, avenue de Wagram;01/06/12
75008;20308;Rue de Berry, rue de Ponthieu;10/02/12
75008;20956;Boulevard Haussmann, avenue de Messine;29/03/13
75008;21989;Rue du Général Foy, rue de Naples;21/12/11
75008;22916;Avenue Van Dyck;09/03/12
75008;31281;Rond-point des Champs-Elysées, avenue Matignon;03/02/12
75008;38142;Place de l'Etoile, avenue des Champs- Elysées;03/08/12
75008;39003;Rue de Ponthieu, rue Paul Baudry;24/08/12
75008;40093;Rue de Naples, rue du Général Foy;21/12/11
75008;41361;Place de Clichy, avenue de Clichy;25/10/13
75008;44259;Place Gabriel Péri;27/01/12
75008;45343;Place des Ternes, boulevard de Courcelles;01/06/12
75008;47380;Place Clémenceau;27/04/12
75008;49454;Avenue des Champs Elysées, rue Lincoln;21/12/11
75008;50968;Place Prosper Boubeaux, rue du Rocher;20/04/12
75008;56883;Rue Marbeuf, avenue des Champs-Elysées;11/01/12
75008;58978;Rue la Boétie, rue d'Artois;21/09/12
75008;61079;Rue Saint-Lazare, rue d'Amsterdam;22/06/12
75008;61880;Rue du Colisée, avenue des Champs-Elysées;27/01/12
75008;62600;Place de l'Europe, rue de Madrid;04/05/12
75008;63118;Rue de Moscou, rue d'Amsterdam;24/02/12
75008;63259;Avenue des Champs-Elysées, rue Balzac;21/12/11
75008;64811;Rue Pierre Charron, avenue des Champs-Elysées;11/05/12
75008;68828;Avenue de Friedland, rue du Faubourg Saint-Honoré;06/07/12
75008;69340;Place République Dominicaine, boulevard de Courcelles, rue Phalsbourg;01/06/12
75008;71625;Place Saint-Augustin;27/01/12
75008;72824;Avenue des Champs-Elysées, place de la Concorde;15/06/12
75008;73532;Avenue George V, avenue des Champs-Elysées;03/02/12
75008;76964;Place de la Concorde, rue Royale;07/09/12
75008;77583;Place de la Madeleine, rue Royale;22/06/12
75008;86086;Boulevard Malesherbes, rue de Lisbonne;04/05/12
75008;87273;Rue de Courcelles, boulevard Haussmann;29/06/12
75008;89055;Rond-point des Champs-Elysées;01/06/12
75008;90317;Rue de Ponthieu, avenue Franklin Roosevelt;13/01/12
75008;94149;Place de la Concorde, avenue Gabriel;29/06/12
75008;97325;Place Charles de Gaulle — Terrasse immeuble Publicis;05/10/12
75008;97400;Avenue Wagram, rue de Tilsitt;15/06/12
75008;97502;Cours de la Reine, avenue Winston Churchill;21/12/12
75008;97602;Obélisque, place de la Concorde;21/12/12
75010;10069;Rue Georg Friedrich Haendel;03/03/17
75010;10070;5, rue Albert Camus;20/12/16
75010;10072;Rue Saint-Maur, rue du Buisson Saint-Louis;04/08/16
75010;10075;Rue Léon Schwartzenberg (Médiathèque);
75010;10079;Rue de l'Aqueduc, rue du Chaudron;07/04/17
75010;10080;Rue du Buisson-Saint-Louis, rue du Chalet;28/02/17
75010;10966;Rue du Faubourg Saint-Martin, rue La Fayette;12/10/12
75010;12116;Boulevard de Strasbourg, rue Saint-Laurent;20/04/12
75010;12884;Place Napoléon III;13/04/12
75010;22859;Rue de Chabrol;20/01/12
75010;25626;Quai de Jemmapes, rue Alibert;17/02/12
75010;25943;Place Johann Strauss, face à la rue deLancry;15/06/12
75010;27797;Rue du Faubourg du Temple, avenue Parmentier;19/10/12
75010;28234;Boulevard de Magenta, rue La Fayette;08/11/13
75010;30934;Quai Valmy, rue Beaurepaire, rue Marseille;23/03/12
75010;32626;Place de Roubaix, boulevard de Magenta, rue de Dunkerque;06/04/12
75010;33253;Porte Saint-Martin;27/07/12
75010;37472;Rue de Paradis, rue du Faubourg Poissonnière;22/06/12
75010;37532;Rue de Sambre et Meuse, rue Sainte-Marthe;13/01/12
75010;38438;Rue du Faubourg Saint-Martin, rue du Château d'Eau;05/10/12
75010;45724;Rue du Faubourg Saint-Martin, rue du 8 mai 1945;06/07/12
75010;48813;Rue du Château Landon, rue Louis Blanc;21/09/12
75010;50523;Quai de Jemmapes, rue des Ecluses Saint-Martin;20/04/12
75010;51230;Quai de Valmy, rue Lucien Sampaix, rue Recollet;17/02/12
75010;55825;Boulevard de Strasbourg, rue du Château d'Eau;28/09/12
75010;56959;Rue du Faubourg Saint-Martin, boulevard de Magenta;19/10/12
75010;61135;Boulevard Magenta, rue Ambroise Paré;18/05/12
75010;61137;Rue du Château d'Eau, boulevard de Magenta;21/09/12
75010;62163;Rue de la Grange aux Belles, rue des Ecluses Saint-Martin;27/07/12
75010;65760;Boulevard Magenta, boulevard de Strasbourg;13/04/12
75010;66168;Place Sainte-Marthe;27/04/12
75010;72791;Place Robert Desnos;25/05/12
75010;72971;Boulevard de Magenta, rue de Nancy;05/10/12
75010;73562;Quai de Valmy, rue de Lancry;17/02/12
75010;75111;Boulevard de la Villette, rue La Fayette;03/08/12
75010;75399;Rue du Faubourg Saint-Denis, rue Cail;25/05/12
75010;77612;Boulevard de la Chapelle, rue de Maubeuge;08/06/12
75010;78368;Rue de Dunkerque, rue La Fayette;25/05/12
75010;86043;Place du Colonel Fabien, rue de la Grange aux Belles;11/05/12
75010;86066;Rue du Faubourg Saint-Denis, rue Demarquay;22/02/13
75010;87526;Place Franz Liszt, rue La Fayette;12/10/12
75010;92421;Rue du Faubourg du Temple, boulevard de la Villette;31/05/13
75010;98051;Place de la République, rue du Faubourg du Temple;26/10/12
75012;33553;Place d'Aligre;04/05/12
75012;36726;Rue de Charenton, avenue Ledru Rollin;23/03/12
75012;37644;Avenue Courteline, boulevard périphérique intérieur;16/11/12
75012;38396;Place Félix Eboué;13/04/12
75012;41676;Rue Reuilly, boulevard Diderot;13/01/12
75012;42411;Cours de Vincennes, avenue du Docteur Arnold Netter;20/12/13
75012;42724;Place du Bataillon du Pacifique;18/03/14
75012;46378;Quai de la Râpée, avenue Ledru Rollin;22/06/12
75012;47130;Colonne Bastille Sud;14/09/12
75012;48147;Place des Combattants en Afrique du Nord;13/04/12
75012;53155;Rue de la Brèche aux Loups, rue de la Durance;04/05/12
75012;58302;Avenue Daumesnil, boulevard Diderot;05/10/12
75012;60061;Rue François Truffaut, rue de l'Ambroisie;09/11/12
75012;61905;Boulevard Diderot, rue de Picpus;21/12/11
75012;62164;Rue Roland Barthes, rue Chrétien deTroyes;18/05/12
75012;64001;59, boulevard Soult;09/11/12
75012;65346;Quai de Bercy, pont de Tolbiac;20/07/12
75012;66094;Pont de Bercy Rive droite;20/04/12
75012;68606;63, rue de Picpus;31/08/12
75012;72637;Route de la Pyramide;15/05/15
75012;73321;Boulevard Diderot, rue de Bercy;13/04/12
75012;75510;Rue Montgallet, rue de Reuilly;13/01/12
75012;77071;Place Henri Frenay;03/02/12
75012;80257;Avenue Saint-Mandé, rue de Picpus;22/06/12
75012;84570;Rue Erard, rue de Reuilly;21/12/11
75012;87643;19, rue du Colonel Rozanoff;28/11/14
75012;90101;Place Félix Eboué angle avenue Daumesnil, boulevard de Reuilly;03/08/12
75012;91445;Esplanade Saint-Louis;15/05/15
75012;91873;Pont de Tolbiac (aval) — Seine;06/07/12
75012;93044;Boulevard Soult, avenue de la Porte de Vincennes;23/11/12
75012;94387;Avenue Ledru Rollin, rue du Faubourg Saint-Antoine;16/03/12
75012;94447;Boulevard de Reuilly, rue Taine;13/07/12
75012;97975;Boulevard Soult, avenue de Saint-Mandé;16/11/12
75012;97975A;Boulevard Soult, avenue Courteline;16/11/12
75013;10105;8, boulevard de l'Hôpital;21/12/11
75013;11144;Avenue d'Italie, rue du Tage;07/09/12
75013;12569;Rue des Frères d'Astier de la Vigerie, rue Simone Weil;01/06/12
75013;13074;55, boulevard Vincent Auriol;06/03/17
75013;13075;Rue du Château des Rentiers, rue Ricaut;01/08/16
75013;13076;Rue Patay, rue de Tolbiac;22/09/16
75013;13077;Boulevard Masséna, avenue de la Porte de Vitry;14/11/16
75013;13080;Dalle Olympiades — Cour de Rome, Galerie Stadium;01/09/16
75013;13081;Rue Bourgon, rue du Moulin de la Pointe;30/11/16
75013;13085;Rue Bobillot, place Paul Verlaine, rue Vandrezanne;13/03/17
75013;13087;Rue Jean-Baptiste Berlier, allée Paris-Ivry;
75013;13088;ZAC RG — Halle Freyssinet « douve » arrière créée;23/05/17
75013;13089;RG — Bédier Ilot Franc-Nohain;
75013;13090;ZAC RG — Oudiné-Chevaleret;
75013;67935;Avenue Joseph Bédier, rue Maryse Bastié;19/10/12
75013;68021;Boulevard Auguste Blanqui, rue Corvisart;21/12/11
75013;68334;Boulevard Auguste Blanqui, rue de la Glacière;21/12/11
75013;70071;Pont National amont — Seine;21/12/12
75013;71821;Rue Regnault, rue du Château des Rentiers;13/01/12
75013;73087;Pont d'Austerlitz aval — Seine;27/07/12
75013;75329;Boulevard Vincent Auriol, quai d'Austerlitz;19/10/12
75013;78185;Boulevard de l'Hôpital, rue Jeanne d'Arc;13/07/12
75013;79232;Boulevard Masséna, rue Jean-Baptiste Berlier;09/11/12
75013;79596;Pont d'Austerlitz amont — Seine;27/07/12
75013;80562;Pont National aval — Seine;28/12/12
75013;81328;Place de Rungis — rue Barrault, rue Boussingault;09/03/12
75013;82224;Rue de la Colonie, rue de la Fontaine à Mulard;21/12/11
75013;83092;Rue des Grands Moulins, rue Marie Andrée Lagroua Weil Hallé;07/09/12
75013;84568;Boulevard Vincent Auriol, rue Nationale;19/10/12
75013;84574;Pont de Bercy (amont) — Seine;19/10/12
75013;87040;91, boulevard Masséna;20/01/12
75013;91336;Avenue Pierre de Coubertin, boulevard Kellermann;01/06/12
75013;97058;Rue de Tolbiac, rue Nationale;19/10/12
75014;10155;Avenue Ernest Reyer, rue Edmond Rousse;28/12/12
75014;11453;Rue des Plantes, rue Antoine Chantin;28/09/12
75014;13583;Boulevard Raspail, rue Huyghens;27/01/12
75014;13654;Avenue Jean Moulin, rue Auguste Cain;05/10/12
75014;14048;Rue Guilleminot, rue Crocé Spinelli;03/11/17
75014;14063;Rue de la Sablière, rue Hippolyte Maindron;07/04/17
75014;14067;Avenue Reille, rue René Coty;01/12/16
75014;14068;Avenue Reille, rue Gazan et rue Lemaignan;08/09/16
75014;14070;Promenade plantée Broussais — le long de la promenade;
75014;14071;Promenade plantée Broussais — zone bâtiment E.H.P.A.D.;
75014;14074;Rue Pernety, rue de l'Ouest;09/09/16
75014;14251;Rue du Cange, rue de Gergovie;17/02/12
75014;14602;Rue Raymond Losserand, rue Pierre Larousse;17/02/12
75014;15349;Place de la Porte de Vanves;14/12/12
75014;15950;Rue du Moulin de la Vierge, rue Decrès;17/02/12
75014;16056;Place Denfert-Rochereau, rue de Grancey;21/12/11
75014;18452;Rue de l'Eure, rue Didot;24/02/12
75014;18838;Place Denfert-Rochereau, boulevard Saint-Jacques;27/01/12
75014;20037;Place Denfert Rochereau, avenue du Général Leclerc;20/01/12
75014;32303;Rue Saillard, place Ferdinand Brunot;25/05/12
75014;32695;Rue de la Légion Etrangère, boulevard Romain Rolland;19/10/12
75014;32762;Place Victor et Hélène Basch;25/05/12
75014;33506;Rue d'Alésia, rue de la Tombe Issoire;30/03/12
75014;39250;Boulevard Auguste Blanqui, rue de la Santé;20/01/12
75014;41203;Avenue de la Porte d'Orléans, boulevard Romain Rolland;19/10/12
75014;42789;Rue Jean Dolent, rue Messier;20/01/12
75014;43339;Boulevard Arago, rue du Faubourg Saint-Jacques;20/01/12
75015;26831;Rue Nélaton;20/01/12
75015;31474;Rue de Dantzig, rue Périchaux;24/02/12
75015;31629;Quai de Grenelle, pont de Grenelle;19/10/12
75015;37524;Quai de Grenelle, pont de Bir Hakeim;12/10/12
75015;39029;Boulevard Lefebvre, rue Jean Sicard;02/03/12
75015;41677;Boulevard du Montparnasse, rue de l'Arrivée;06/09/13
75015;43285;Place Raoul Dautry;15/06/12
75015;43956;Place Marcel Cerdan, boulevard de Grenelle, rue Humblot;17/02/12
75015;45963;Place Raoul Dautry, boulevard de Vaugirard, rue de l'Arrivée;20/04/12
75015;48877;Rue George Bernard Shaw, rue Leroi Gourhan;27/01/12
75015;49453;Avenue du Maine, rue du Départ;20/04/12
75015;50863;21, boulevard de Vaugirard;28/06/13
75015;53526;Rue de la Croix Nivert, rue Desnouettes;22/06/12
75015;60499;Place Henri Queille, boulevard Garibaldi, avenue de Breteuil;17/02/12
75015;65530;Rue Falguière, rue Bargue;21/12/11
75015;68651;Avenue de Suffren, avenue de la Motte-Piquet;11/05/12
75015;69625;Place des Martyrs Juifs du Vélodrome d'Hiver;12/10/12
75015;70417;Rue Platon, rue Falguière;21/12/11
75015;70737;Place Charles Michels;23/03/12
75015;71637;Rond-point du pont Mirabeau, quai André Citroën;30/03/12
75015;71964;Pont de Grenelle côté rive gauche Amont — Seine;12/10/12
75015;72190;Rue Léon Lhermitte, rue Gustave Larroumet;13/04/12
75015;77600;Porte de Versailles, esplanade du 9 novembre 1989, avenue E. Renan;16/03/12
75015;79759;Rue d'Alleray, rue de la Procession;12/10/12
75015;80153;Rue de la Convention, rue de Vaugirard;31/08/12
75015;87231;Rue de la Convention, rue de la Croix Nivert;16/11/12
75015;89051;Avenue de la Porte de Brançion, boulevard Lefebvre;08/06/12
75015;90461;Avenue Emile Zola, rue des Entrepreneurs;23/03/12
75015;95742;Boulevard Pasteur, passage Alexandre;20/01/12
75015;96540;Porte de Versailles Nord;16/03/12
75015;99315;Rue du Commerce, avenue Emile Zola, Frémicourt;18/07/14
75016;10194;Quai de New-York, devant le Palais de Tokyo;04/05/12
75016;13418;Avenue Kléber, avenue des Portugais;22/06/12
75016;14140;Place du Maréchal de Lattre de Tassigny;14/09/12
75016;15181;Boulevard Murat, rue Lecomte du Nouy, rue de Varize;10/02/12
75016;16071;Avenue Chantemesse, avenue du Maréchal Fayolle;10/08/16
75016;16124;Avenue de la Muette, avenue Ingres, avenue Prudhon;06/10/16
75016;16134;Avenue Ferdinand Buisson, avenue Georges Lafont, avenue Félix d'Herelle;17/03/17
75016;16135;Avenue Edouard Vaillant, avenue Ferdinand Buisson;16/09/16
75016;16137;Rue du Sergent Maginot, rue de l'Arioste;02/09/16
75016;16139;Porte de Boulogne, boulevard d'Auteuil (Bois de Boulogne);26/12/17
75016;16145;Boulevard Murat, rue Daumier;23/09/16
75016;16146;Boulevard Murat, quai Saint-Exupéry;04/11/16
75016;16147;Place Dr Hayem (Boulainvilliers/La Fontaine);05/10/16
75017;17065;Rue Pierre Rebière, voie accès boulevard Bessières;18/11/16
75017;17073;Rue Brunetière, rue de l'Abbé Rousselot;18/11/16
75017;17077;Rue Marie-Georges Picquart — Coté collège et crèche;24/02/17
75017;17081;Batignolles — rue André Suarez, rue du Bastion;Début 2019
75017;17084;Batignolles — boulevard Berthier, rue Mstislav Rostropovitch;
75017;17086;Batignolles — rue Mstislav Rostropovitch Sud;
75017;17087;Batignolles — rue Gilbert Cesbron Nord;04/07/17
75017;17088;Batignolles — rue Gilbert Cesbron Sud;26/06/17
75017;17089;Batignolles — rue Bernard Buffet, rue René Blum;
75017;17092;ZAC Pouchet — allée des Cerisiers;
75017;17093;ZAC Pouchet — place Pouchet;
75017;17094;Rue des Batignolles, rue des Dames;08/12/16
75017;17095;Rue de Prony, avenue de Wagram;18/11/16
75017;17096;Rue Galvani, rue Laugier;07/12/16
75017;17097;Avenue de Wagram, rue Rennequin;01/12/16
75017;18085;21 bis, rue Jean Leclaire;25/05/12
75017;18308;Rue Curnonsky, rue Raymond Pitet;15/06/12
75017;18536;Avenue de la Porte d'Asnières, boulevard de Reims;18/05/12
75017;18656;Place Paul Tortelier, rue Marguerite Long, rue Stéphane Grappelli;17/02/12
75017;19182;Avenue de Saint-Ouen, avenue de Clichy;20/01/12
75017;26158;Boulevard de Courcelles, boulevard Malesherbes;28/06/13
75017;28293;Place du Maréchal Juin;03/02/12
75017;32355;Rue Boulay, rue de la Jonquière;21/12/11
75017;34901;80, boulevard Bessières;11/05/12
75017;41692;Rue de Courcelles, avenue Stéphane Mallarmé;07/06/13
75017;43139;Rue Davy, rue Legendre;17/02/12
75017;44258;Rue Descombes, boulevard Gouvion Saint-Cyr;04/05/12
75017;47973;Avenue de la Porte des Ternes, rue Gustave Charpentier;15/06/12
75017;48088;Place du Général Catroux;13/04/12
75017;49795;Porte Maillot;30/03/12
75017;55563;Avenue de Clichy, passage Petit Cerf;13/01/12
75017;57632;Rue Maria Deraismes, rue Félix Pecaut;21/12/11
75017;58709;Rue de Saussure, boulevard Pereire;13/01/12
75017;65315;155, rue de Saussure;03/02/12
75017;66498;Avenue de Villiers, rue Legendre;18/05/12
75017;66817;Boulevard Berthier, rue Albert Roussel;28/03/14
75017;69662;Rue de la Jonquière, Villa Sainte-Croix;27/01/12
75017;70446;Avenue de Clichy, rue Brochant;27/04/12
75017;70605;Passage Saint-Ange, rue Jean Leclaire;17/02/12
75017;73554;Porte Maillot, avenue de la Grande Armée;20/04/12
75017;75732;Rue André Brechet, rue Louis Loucheur;17/08/12
75017;76501;Place de Clichy;29/06/12
75017;80383;Place Saint-Ferdinand, rue Brunel;27/04/12
75017;84425;Avenue de la Porte de Clichy, boulevard Bessières;04/05/12
75017;87387;Rue Emile Borel, place Arnault Tzanck;01/06/12
75017;87704;Rue de Rome, rue Cardinet;06/09/13
75017;89632;Rue Biot, place Clichy;29/06/12
75017;91182;Avenue de la Grande Armée, rue d'Argentine;22/06/12
75018;49070;impasse des Fillettes, rue Charles Hermite, rue Emile Bertin;14/12/12
75018;49804;Rue Marcadet, rue Damrémont;27/04/12
75018;51595;Boulevard de Clichy, rue Caulaincourt;29/06/12
75018;52236;Rue Poulet, rue Dejean;
75018;52675;Rue Polonceau, rue des Gardes;25/05/12
75018;54506;Avenue de Saint-Ouen, rue de la Jonquière;31/08/12
75018;58108;Avenue Saint-Ouen, rue Lamark, rue Etex;22/06/12
75018;60904;Avenue de la Porte Montmartre, rue Gérard de Nerval;21/12/12
75018;62366;Boulevard Ney, place de la Porte de Clignancourt;21/09/12
75018;62384;Place du Tertre, place Jean Marais;16/11/12
75018;64494;Rue du Poteau, boulevard Ney;27/04/12
75018;67972;Rue Myrha, rue Affre;18/01/13
75018;69210;Rue de Clignancourt, rue Christiani;07/12/12
75018;70209;Rue Chapelle, impasse du Curé;08/06/12
75018;73270;Boulevard de Rochechouart, rue de Clignancourt;03/02/12
75018;76006;Rue de la Chapelle, rue du Pré;21/09/12
75018;76356;Avenue de la Porte des Poissonniers, rue du Professeur Gosset;21/09/12
75018;78121;Boulevard de la Chapelle, rue d'Aubervilliers;27/07/12
75018;79855;Rue Riquet, rue d'Aubervilliers;29/06/12
75018;79891;Rue de l'Evangile, rue d'Aubervilliers;11/01/13
75018;80870;Boulevard Ney, rue d'Aubervilliers;18/01/13
75018;81112;Rue Caulaincourt, rue du Mont Cenis;31/08/12
75018;81580;Rue de Clignancourt, rue Marcadet;09/03/12
75018;82127;Boulevard de la Chapelle, rue Marx Dormoy;08/06/12
75018;82315;Rue Ordener, rue Championnet, rue Vauvenargues;22/06/12
75018;82473;Rue Ordener, rue Damrémont;11/05/12
75018;83922;Rue du Ruisseau, rue du Poteau;08/06/12
75018;88886;Rond-point de la Chapelle, rue Raymond Queneau;13/07/12
75018;91314;Place Hébert;08/06/12
75018;91735;Boulevard Ornano, rue Ordener;04/05/12
75018;93698;Boulevard Ney, rue des Poissonniers;14/12/12
75018;95960;Rue Boinod, rue du Simplon;27/04/12
75018;97289;Rue de Clignancourt, rue Doudeauville;07/12/12
75018;98320;Rue Championnet, boulevard Ornano;28/09/12
75018;98456;Avenue de la Porte de Clignancourt, rue Francis de Croisset;12/10/12
75019;10568;Rue de Crimée, rue Botzaris;03/02/12
75019;11812;70, rue de la Villette, face au cours du 7ième art;15/06/12
75019;12412;Boulevard Sérurier, rue de Léman;09/11/12
75019;12770;Rue de l'Ourcq, rue Léon Giraud;28/12/12
75019;12969;Rue Archereau, rue de Crimée;31/08/12
75019;14531;Rue Petitot, rue des Fêtes;30/03/12
75019;14821;Rue du Département, rue de Tanger;04/05/12
75019;16661;Rue de Tanger, rue Riquet;09/01/15
75019;17435;Rue de Crimée, rue Manin;27/04/12
75019;18837;Avenue Corentin Cariou, quai de la Gironde;22/02/13
75019;18897;85, avenue de Flandre;02/03/12
75019;18960;Avenue Secrétan, rue Edouard Pailleron;27/07/12
75019;19067;Rue Botzaris, rue Fessart;06/07/12
75019;19074;Rue de Toulouse, rue Ambroise Rendu;18/08/16
75019;19077;Rue de Belleville, rue Jules Romains;23/03/17
75001;01011;Rue du Jour, rue Rambuteau;11/10/13
75001;01049;Rue des Halles, rue de la Ferronerie;08/11/18
75001;01051;Rue Saint-Denis, rue de Rivoli;08/07/16
75001;01053;Place Joachim du Bellay (Toiture hôtel Citadines);19/10/16
75001;01055;Rue Montmartre, rue de Turbigo;10/03/17
75001;01056;Rue Montorgueil, rue de Turbigo;10/03/17
75001;01058;Jardin des Halles, Colonne Médicis;
75001;01059;Jardin des Halles, Porte du Louvre;
75001;01060;Jardin des Halles, rue Berger, rue des Prouvaires;
75001;01065;Halles — Canopée Nord-Ouest, rue Rambuteau;02/03/17
75001;01066;Jardin des Halles — Saint-Eustache, Rambuteau;27/01/17
75001;01067;Jardin des Halles — Prairie Ouest;02/03/17
75001;01068;Jardin des Halles — Prairie Est;
75001;01069;Jardin des Halles — allée Nord-Ouest, Coquillière;27/01/17
75001;01070;Halles — Canopée Nord-Ouest;
75001;01071;Halles — Canopée Sud-Ouest, rue Berger;02/03/17
75001;01072;Jardin des Halles — Sud-Ouest Canopée;
75001;10439;Rue Berger, rue Pierre Lescot;23/03/12
75001;10642;Rue de Rivoli, rue des Bourdonnais;14/12/12
75001;11498;Rue Rambuteau, boulevard de Sébastopol;03/02/12
75001;11522;Quai des Tuileries, pont de Solférino — Seine;10/10/14
75001;16819;Rue des Pyramides, avenue de l'Opéra;06/07/12
75001;16887;Quai de la Mégisserie, Pont Neuf;21/12/11
75001;23987;Rue de la Paix, rue Danielle Casanova;02/11/12
75001;29222;Place Joachim du Bellay, rue Saint-Denis, rue des Innocents;27/01/12
75001;30950;Place du Châtelet;20/01/12
75001;34698;Rue Pierre Lescot, rue de Turbigo;27/01/12
75001;35346;Rue Colonel Driant, rue Valois;08/06/12
75001;42234;Place Joachim du Bellay, rue Berger, rue Pierre Lescot;09/11/12
75001;44373;Rue de Rivoli, rue de l'Echelle;08/06/12
75003;77904;Rue de Bretagne, rue de Turenne;08/05/15
75003;84550;Place de la République, rue du Temple;12/10/12
75003;84854;Rue de Turbigo, rue du Temple;27/04/12
75003;86717;Boulevard Beaumarchais, rue des Arquebusiers;14/09/12
75004;04051;Rue des Francs Bourgeois, rue Vieille du Temple;24/11/16
75004;04058;Rue de Sully, boulevard Henri IV;08/07/16
75004;04059;Boulevard Bourdon, rue Bassompierre;11/05/17
75004;11218;Rue Rambuteau, rue Beaubourg;21/12/11
75004;14314;Port de l'Hôtel de Ville — Seine;24/10/14
75004;14914;Port des Célestins — Seine;19/09/14
75004;15518;Rue de Rivoli, rue Saint-Martin;21/12/11
75004;19726;Rue Saint-Antoine, rue de Sévigné;03/02/12
75004;24684;Place Baudoyer, rue François Miron;27/04/12
75004;25230;Quai Henri IV, Pont de Sully;01/03/13
75004;27843;Quai d'Orléans, rue Jean du Bellay;13/01/12
75004;29297;Place de l'Hôtel de Ville, avenue Victoria;03/02/12
75004;29770;Quai de Gesvres, rue Saint-Martin;21/12/11
75004;31606;Rue de la Coutellerie, avenue Victoria;21/12/11
75004;42910;Pont Louis Philippe, quai de l'Hôtel de Ville;09/11/12
75004;43699;Place du Marché Sainte-Catherine;25/05/12
75004;45070;3, rue de Lobau;27/04/12
75004;47437;Rue de la Verrerie, rue du Renard;08/06/12
75004;51827;Cité/Notre-Dame;16/11/12
75004;57088;Ile Saint-Louis Pointe amont — Seine;27/07/12
75004;60044;Rue Nonnains d'Hyères, rue Charlemagne;23/03/12
75004;65370;Toit de l'Hôtel de Ville;03/08/12
75004;66378;Rue des Rosiers, rue Vieille du Temple;09/03/12
75004;66461;Quai des Célestins, pont Marie;06/07/12
75004;67079;Rue de Rivoli, boulevard de Sébastopol;27/04/12
75004;68710;Boulevard du Palais, quai des Orfèvres;16/03/12
75004;79965;Boulevard Bourdon, boulevard Morland;09/01/12
75004;82723;Place Louis Lépine abords de la Cité;16/11/12
75004;83818;18, boulevard Morland;01/03/13
75004;84795;Rue de Lobau, rue de Rivoli;30/03/12
75004;93031;Pont Notre-Dame, quai de Corse;22/06/12
75004;96036;Rue du Petit Musc, rue Saint-Antoine;21/12/11
75004;96299;Pont Marie amont — Seine;27/07/12
75004;99492;Pont d'Arcole amont — Seine;26/10/12
75005;5051;Rue du Fouarre, rue Lagrange;21/12/16
75005;5054;Rue Poliveau, rue Geoffroy Saint-Hilaire;22/07/16
75005;5057;Rue Claude Bernard, rue Vauquelin;21/09/16
75005;5058;Rue Pierre Nicole, rue du Val de Grâce;30/09/16
75005;12312;Rue Blainville, place de la Contrescarpe;19/10/12
75005;15242;Place Maubert;03/02/12
75005;20669;Boulevard Saint-Germain, quai de la Tournelle;13/04/12
75005;38623;Boulevard Saint-Michel, place de laSorbonne;03/02/12
75005;39271;Boulevard Saint-Michel, rue Soufflot;27/01/12
75005;43043;Rue de la Harpe, rue de la Huchette;18/01/13
75005;48902;Square Tino Rossi;18/01/13
75005;50044;Rue Mouffetard, rue de l'Epée de Bois;18/05/12
75005;50581;Rue Linné, rue des Boulangers;03/02/12
75005;50850;Rue Saint-Jacques, rue des Ecoles;21/12/11
75005;53322;Boulevard Saint-Germain, rue Saint-Jacques;21/12/12
75005;53679;Boulevard Saint-Michel, place Louis Marin;28/09/12
75005;54992;Pont de Sully, quai Tournelle;20/04/12
75005;58021;Square Tino Rossi, quai Saint-Bernard;06/07/12
75007;21909;Boulevard de la Tour Maubourg, rue de l'Université;14/06/13
75007;23371;Port de Solférino, niveau Musée de la Légion d'Honneur — Seine;26/07/13
75007;29075;Port des Invalides, aval du pont Alexandre III — Seine;13/12/13
75007;30736;Rue de Sèvres, rue du Bac;23/03/12
75007;31779;Rue de Grenelle, rue de Bellechasse;23/03/12
75007;33282;Avenue du Maréchal Galliéni, rue de l'Université;27/04/12
75007;34479;Avenue du Général Détrié, avenue Charles Floquet;20/07/12
75007;38775;Place de la Résistance;21/12/11
75007;39992;Quai Branly, pont d'Iéna;10/02/12
75007;46990;Pont Alexandre III, quai Anatole France;21/09/12
75007;52217;Avenue de Suffren, avenue Joseph Bouvard;13/01/12
75007;52733;Assemblée Nationale;17/08/12
75007;53718;Place du Général Gouraud;21/09/12
75007;54776;Port du Gros Caillou, aval pont des Invalides — Seine;26/07/13
75007;55428;Avenue de Tourville, avenue de Ségur;17/02/12
75007;56074;Place Jacques Rueff;21/09/12
75007;56154;Avenue de Tourville, avenue de Villars;10/02/12
75007;56538;Rue de la Comète, rue de Grenelle;21/12/11
75007;58390;Avenue de la Motte Picquet, rue Cler;27/04/12
75007;59293;Avenue Emile Deschanel, avenue de Belgrade;20/01/12
75007;59729;Rue du Bac, rue de Varenne;27/07/12
75007;60073;Port des Invalides, aval pont de la Concorde — Seine;26/07/13
75007;60800;Boulevard des Invalides, rue de Varenne;13/07/12
75007;63877;Port de la Bourdonnais, aval pont de l'Alma — Seine;26/07/13
75007;66070;Port de Solférino, niveau Musée d'Orsay — Seine;26/07/13
75007;69064;Boulevard des Invalides, avenue de Tourville;11/05/12
75007;69121;Rue de l'Université, rue de Constantine;16/03/12
75007;69173;Avenue Duquesne, avenue de Ségur;03/02/12
75007;71064;Quai Anatole France, Pont Royal;12/10/12
75007;71658;Place Joffre;27/01/12
75007;72958;Pont de la Concorde, quai Anatole France;04/05/12
75007;75099;Avenue Saxe, avenue Breteuil (place de Breteuil);27/01/12
75007;76202;Quai Branly trottoir Nord;20/07/12
75007;77782;Quai Branly voie Nord;19/10/12
75007;78472;Port de Solférino, niveau 23, quai Anatole France — Seine;26/07/13
75007;83731;Place du Palais Bourbon;30/03/12
75007;83784;Mail Branly, Passerelle Débilly;13/01/12
75007;86183;Rue Saint-Dominique, rue Amélie;16/11/12
75007;86298;Pilier Sud de la Tour Eiffel;06/07/12
75007;86874;Port des Invalides, amont du pont Alexandre III — Seine;13/12/13
75007;87406;Quai Voltaire, pont du Carrousel;25/05/12
75007;89776;Port du Gros Caillou;22/03/13
75007;90890;Pont des Invalides (amont) — Seine;20/07/12
75007;93957;Place Vauban;27/04/12
75008;08102;Rue Rocher, rue de Laborde, rue Joseph Sansbœuf;06/09/18
75008;08115;Avenue George V, rue Pierre 1er de Serbie;20/01/17
75008;08118;Rue Marbeuf, avenue George V;07/10/16
75008;98601;Boulevard Haussmann, rue du Havre;25/05/12
75009;09059;Rue Blanche, rue Jean-Baptiste Pigalle;25/08/16
75009;09060;Rue de la Rochefoucauld, rue d'Aumale;09/10/17
75009;09062;Rue La Bruyère, rue Notre-Dame de Lorette;25/11/16
75009;10372;Rue de la Tour d'Auvergne, rue Milton;09/11/12
75009;10756;Rue Pierre Fontaine, rue Jean-Baptiste Pigalle;06/07/12
75009;13257;Rue Mayran, rue Rochambeau;11/01/12
75009;15819;Boulevard de la Chapelle, boulevard Magenta;24/08/12
75009;17498;Rue La Fayette, rue Pierre Sémard;09/05/14
75009;20076;Place d'Anvers, avenue Trudaine;08/06/12
75009;24660;Place Blanche, boulevard de Clichy, rue Lepic;
75009;25108;Rue Drouot, rue La Fayette, rue du Faubourg Montmartre;17/02/12
75009;25540;Place de l'Opéra, boulevard des Capucines;13/04/12
75009;27982;Rue du Faubourg Poissonnière, rue du Delta;19/06/15
75009;32213;Place d'Anvers, boulevard de Rochechouart;13/01/12
75009;33643;Rue Sainte-Cécile, rue Trévise;21/12/11
75009;35099;Place Blanche, boulevard de Clichy, rue de Bruxelles;10/02/12
75009;46329;Place Charles Garnier, rue Auber, rue Scribe;25/05/12
75009;47183;Rue de Douai, place Adolphe Max;20/01/12
75009;48781;Place Pigalle, rue Jean-Baptiste Pigalle;03/02/12
75009;49535;Boulevard de Clichy, place Pigalle Ouest;22/06/12
75009;55431;Rue Drouot, rue Rossini;03/02/12
75009;57584;Rue de Châteaudun, rue La Fayette;09/11/12
75009;58520;Rue des Martyrs (pair), rue de la Tour d'Auvergne (pair);16/11/12
75009;59521;Rue de la Chaussée d'Antin, rue Halévy;04/05/12
75009;61124;Rue de Rochechouart, avenue de Dunkerque;09/03/12
75009;64951;Rue de Caumartin, boulevard Haussmann;13/04/12
75009;65899;Boulevard Haussmann, rue Halévy;04/05/12
75009;72329;Rue de Maubeuge, rue de Rochechouart;27/01/12
75009;74548;Boulevard de Clichy, boulevard de Rochechouart;04/05/12
75009;81258;Rue de Châteaudun, rue Taitbout;31/05/13
75009;81422;Place Kossuth;14/09/12
75009;84503;Rue du Faubourg Montmartre, rue Montyon;03/02/12
75009;84555;Rue Fontaine, rue de Douai;15/06/12
75009;84772;Rue du Faubourg Poissonnière, rue Richer;03/02/12
75009;87208;Boulevard de Clichy, boulevard de Rochechouart;04/05/12
75009;88620;Place Pigalle Est — boulevard de Clichy, rue Houdon;31/08/12
75009;89791;Rue Clichy, rue de Moncey;29/06/12
75009;92563;Boulevard Poissonnière, rue du Sentier;21/12/11
75009;94663;Rue Lamartine, rue de Rochechouart;09/11/12
75009;95588;Boulevard Poissonnière, rue du Faubourg Montmartre;09/03/12
75009;95710;Boulevard Haussmann, rue Le Peletier;13/04/12
75010;10064;Rue du Faubourg Saint-Denis, rue de Metz;14/10/16
75010;10067;Rue de Paradis, rue Martel;14/06/17
75010;10068;Rue du Faubourg Saint-Denis, boulevard Magenta — square A Satragne;04/01/17
75011;11056;Rue de Charonne, rue de Lappe;07/04/17
75011;11057;Bréguet Chemin Vert — Villa Marcès — gymnase;
75011;11058;Jardin Truillot — entrée jardin côté boulevard Richard Lenoir;
75011;13871;Boulevard Voltaire, rue Jean-Pierre Timbaud;01/03/13
75011;15301;Rue Merlin, rue Duranti;24/02/12
75011;16178;Rue Oberkampf, boulevard Voltaire;05/07/13
75011;28421;Place de la Nation, Cours de Vincennes;20/04/12
75011;30471;Colonne Bastille Nord;14/09/12
75011;30567;Avenue Parmentier, rue Oberkampf;25/05/12
75011;30637;Rue de Charonne, avenue Ledru-Rollin;01/06/12
75011;33278;Avenue Philippe Auguste, boulevard de Charonne;22/06/12
75011;37820;Rue Léon Frot, rue Mercœur;13/04/12
75011;43592;Boulevard Voltaire, rue du Chemin Vert;09/11/12
75011;44425;Avenue de la République, rue Saint-Maur;15/06/12
75011;46326;Place Léon Blum (Sud), boulevard Voltaire;09/03/12
75011;52920;Boulevard Voltaire, rue de Montreuil;04/05/12
75011;53843;Boulevard Richard Lenoir, rue Saint-Sabin;27/07/12
75011;55843;Rue Mercœur, rue Auguste Laurent;08/06/12
75011;60866;Rue Robert Houdin, rue du Faubourg du Temple;19/10/12
75011;64906;Place de la Nation, boulevard Diderot;20/04/12
75011;68231;Boulevard Voltaire, rue Saint-Ambroise;08/06/12
75011;69661;Place de la Nation, rue de Taillebourg;01/06/12
75011;79048;Boulevard Voltaire, rue Léon Frot;13/07/12
75011;81850;Rue Saint-Maur, avenue de la République;15/06/12
75011;84362;Rue Faidherbe, rue du Faubourg Saint-Antoine;09/03/12
75011;85426;Rue Jean-Pierre Timbaud, rue Moret, rue de Vaucouleurs;16/11/12
75011;86133;Place de la République, avenue de laRépublique;01/03/13
75011;87044;Place de la Nation, rue du Faubourg Saint-Antoine;20/04/12
75011;88838;Place de la Bastille, rue de la Roquette;01/06/12
75011;94639;Rue de l'Orillon, boulevard de Belleville;20/01/12
75011;96081;Place de la République, boulevard Voltaire;01/03/13
75012;10100;Cours de Vincennes, avenue du Trône;08/06/12
75012;12067;Place Léonard Bernstein, entrée Parc de Bercy;29/03/17
75012;12069;Rue de Charenton, boulevard de Reuilly;30/11/16
75012;12082;Parc de Bercy, skate Parc;09/01/17
75012;12083;Rue Hénard, allée Vivaldi;27/09/16
75012;12087;Bercy Charenton — prolongement rue Baron Le Roy;
75012;12088;Léo Lagrange;
75012;12089;Avenue du Général Bizot, rue du Sahel;29/11/16
75012;12090;Rue Jacques Hillairet, rue Albinoni;20/10/16
75012;12091;Rue Fécamp, avenue Daumesnil;01/09/16
75012;12432;12-14, cité Moynet;27/07/12
75012;13469;Face au 30, boulevard Carnot;02/11/12
75012;14293;Boulevard Diderot, rue Michel Chasles;06/04/12
75012;16271;177, rue de Bercy;11/05/12
75012;17662;Rue de Tourneux, rue Edouard Robert;20/04/12
75012;19963;Rue de Wattignies, rue de Fécamp;07/09/12
75012;30427;Place Colonel Bourgouin — rue Erard, rue de Charenton;14/09/12
75012;30906;Place Henri Frenay, rue Roland Barthes;20/07/12
75013;13091;ZAC Paul Bourget — arrière de la rue Bourget;
75013;13103;Rue Louise Bourgeois, rue Julie Daubie;
75013;13105;Place Aurélie Nemours;
75013;13106;Place Jean-Michel Basquiat — Avenue de France, rue Emile Durkheim;
75013;13107;Place Jean-Michel Basquiat — Promenade plantée;
75013;13108;Rue Chevaleret, rue Alphonse Boudard, rue Charcot;
75013;13109;Avenue Pierre Mendès France, rue Paul Klee;
75013;13110;Rue Ada Lovelace;
75013;13231;Olympiades — Londres, Anvers;18/01/13
75013;13412;Pont Charles de Gaulle, quai d'Austerlitz;18/01/13
75013;13532;Olympiades — Mexico;18/01/13
75013;13700;Olympiades — Squaw Valley;18/01/13
75013;13967;Rue du Colonel Dominé (Côté porte d'Italie);11/01/13
75013;14765;Place de Vénétie;25/01/13
75013;15476;Rue de Tolbiac, rue du Chevaleret;23/03/12
75013;15868;Rue des Peupliers, rue du docteur Tuffier;07/09/12
75013;16244;Avenue de la Porte d'Ivry, avenue Claude Régaud;19/10/12
75013;16986;Avenue d'Italie, rue de Tolbiac;10/08/12
75013;17197;Rue Docteur Magnan, rue Charles Moureu;01/06/12
75013;18332;Rue du Chevaleret, rue Clisson;13/07/12
75013;19286;Olympiades — Rome (accueil);18/01/13
75013;19566;Avenue d'Ivry (côté impair) au niveau de la rue Regnault;17/02/12
75013;23065;Avenue d'Italie, rue Vandrezanne;19/10/12
75013;25765;Rue Cantagrel, rue Eugène Oudiné;07/06/13
75013;28637;Rue Péan, boulevard Masséna;18/01/13
75013;29435;Rue Albert, rue Jean Fautrier;17/02/12
75013;30118;15 bis, rue de Tolbiac;21/12/11
75013;33183;Boulevard Général Jean Simon, Pont National;28/12/12
75013;35012;Place Claude Bourdet, rue des Cordelières, rue Corvisart;21/12/11
75013;45705;Carrefour des Gobelins;01/06/12
75013;46911;Rue Sainte-Hélène, rue de la poterne des Peupliers;19/10/12
75013;47653;Rue du Dessous des Berges, rue Eugène Oudiné, rue de Patay;21/12/11
75013;47824;Rue Jeanne d'Arc, rue de Domrémy, rue de Patay;24/08/12
75013;48567;Avenue des Gobelins, boulevard Saint-Marcel;01/06/12
75013;53448;Avenue des Gobelins, boulevard Saint- Marcel;01/06/12
75013;58557;Boulevard Saint-Marcel, boulevard de l'Hôpital;01/06/12
75013;60972;Face au 122, rue du Château des Rentiers;24/08/12
75013;61371;Place d'Italie, côté avenue des Gobelins;20/01/12
75013;62347;Pont de Tolbiac, quai François Mauriac;30/07/13
75013;62732;Boulevard de l'Hôpital, rue Pinel;13/07/12
75013;62734;Porte d'Italie/périphérique;19/10/12
75013;63591;Boulevard Masséna, avenue de la Porte d'Ivry;14/09/12
75013;64071;Boulevard de l'Hôpital, quai d'Austerlitz, gare d'Austerlitz;31/08/12
75013;64594;Avenue de Choisy, rue Baudricourt;01/06/12
75013;66003;Place d'Italie, rue Bobillot, boulevard Auguste Blanqui;21/12/11
75013;67014;Rue Jeanne d'Arc, boulevard Saint-Marcel;25/05/12
75013;67390;Vis-à-vis du 90, rue de Tolbiac;01/06/12
75014;44351;Boulevard Jourdan — RER;17/05/13
75014;48506;Place Fernand Mourlot — rue de la Gaîté, boulevard Edgard Quinet;19/06/15
75014;51743;Avenue de la Porte d'Orléans, place du 25 août 1944;04/05/12
75014;54322;Place Perroy, avenue du Maine;08/06/12
75014;54552;Rue Vercingétorix, rue d'Alésia;06/07/12
75014;56510;Avenue Maurice d'Ocagne, avenue Georges Lafenestre;17/02/12
75014;60857;Rue Boulard, rue Daguerre;21/12/11
75014;61992;Avenue Adolphe Pinard, avenue de la Porte de Châtillon;07/09/12
75014;70540;Rue d'Alésia, villa d'Alésia;02/11/12
75014;71184;Boulevard de Port Royal, avenue de l'Observatoire;21/12/11
75014;73923;Avenue Jean Moulin, boulevard Brune;22/06/12
75014;75264;10, boulevard Brune;17/02/12
75014;77797;Avenue Marc Sangnier, rue Wilfrid Laurier;26/10/12
75014;79474;Place de Moro Giafféri;21/12/11
75014;81104;Boulevard Brune, avenue de la Porte de Vanves;17/02/12
75014;81787;Rue Messier, boulevard Arago;27/01/12
75014;81962;Jonction boulevard Brune, boulevard Jourdan;19/12/14
75014;83358;Rue d'Alésia, rue Didot;28/09/12
75014;86283;Boulevard Edgard Quinet, boulevard Raspail;13/04/12
75014;89511;Rue Raymond Losserand, rue d'Alésia;23/03/12
75014;92903;Rue Vercingétorix, rue Pernety;17/02/12
75014;94232;Rue Raymond Losserand, rue Pernety;09/03/12
75014;97328;Boulevard Jourdan, rue Emile Deutsch de la Meurthe;21/09/12
75015;10476;Boulevard de Grenelle, rue du Commerce;21/12/11
75015;10771;Rue de Javel, rue Gutemberg;23/03/12
75015;11675;Rue Desaix, place Alfred Sauvy;13/01/12
75015;11877;Esplanade de la Mairie;24/08/12
75015;12079;Avenue Albert Bartholomé, rue André Theuriet;09/03/12
75015;12972;Rue Jean Fourastie (face DOJO);16/11/12
75015;13273;Rue Bargue, rue Platon;21/12/11
75015;15067;Rue du Colonel Pierre Avia, contre-allée des Frères Voisin;08/02/18
75015;15085;Beaugrenelle/Rampe d'accès rue Docteur Finlay;03/10/16
75015;15089;Beaugrenelle/Passerelle Est, colonne CPCU;29/06/17
75015;15090;Beaugrenelle/Passerelle Ouest, Mercure II;07/12/16
75015;15092;Beaugrenelle/Reflets;30/11/16
75015;15093;Beaugrenelle/Synagogue, Rive Gauche;30/11/16
75015;15094;Beaugrenelle/Verseau, Perspective 1;02/12/16
75015;15095;Rue Linois, rue Emeriau;02/03/17
75015;15096;Beaugrenelle/Passerelle Robert Keller;22/02/18
75015;15113;Rue Brancion, rue de Vouillé;07/11/16
75015;15114;Rue de Vouillé, rue de Castagnary;30/09/16
75015;15116;Rue de Vaugirard, place Adolphe Chérioux;22/03/17
75015;15119;ZAC Boucicaut — allée Irène Némirovsky;08/07/16
75015;15120;Rue Emeriau, rue du Théatre;29/06/17
75015;17112;Rue des Quatre frères Peignot, avenue Emile Zola;13/04/12
75015;17168;Rue Saint-Charles, rue Varet;25/05/12
75015;25702;Rue Léon Lhermitte, rue du docteur Jacquemaire Clémenceau;20/04/12
75016;17596;Pont Bir Hakeim, avenue du Président Kennedy;14/09/12
75016;17849;Boulevard Suchet, rue Raffet, square TolstoÏ;30/03/12
75016;18695;Rue Saint-Didier, rue Mesnil;25/05/12
75016;19196;Boulevard Murat, place de la Porte Molitor;27/01/12
75016;22575;Rue de la Pompe, avenue Henri Martin;24/08/12
75016;26088;Place du Maréchal de Lattre de Tassigny;07/09/12
75016;27296;Avenue de Versailles, boulevard Exelmans;15/06/12
75016;27756;Place de la Porte de Saint-Cloud, avenue Georges Lafont;28/09/12
75016;27960;Porte de Saint-Cloud;28/09/12
75016;32329;Place Clément Ader;08/02/13
75016;32468;Place du Trocadéro, côté esplanade;20/01/12
75016;34347;Rue de La Fontaine, rue Guérin;21/12/11
75016;35575;Avenue de la Grande Armée, rue de Tilsitt;07/09/12
75016;35620;Place du Trocadéro, avenue du Président Wilson;04/05/12
75016;43643;Avenue de Versailles, rue Wilhem;27/07/12
75016;44621;Allée de Longchamp, allée de la Reine Marguerite;02/08/13
75016;50320;Porte de d'Auteuil, sortie Périph Est;18/05/12
75016;51930;Avenue Georges Mandel, rue Decamps;10/08/12
75016;51992;Centre Géo André;13/04/12
75016;52670;Rue d'Auteuil, rue Michel-Ange;27/01/12
75016;54069;Place Jean Monnet — rue des Belles Feuilles, rue de la Pompe;09/01/12
75016;55054;Rue du Ranelagh, avenue du Président Kennedy;04/05/12
75016;64215;Avenue Foch, avenue de Malakoff;14/09/12
75016;65961;Avenue du Parc des Princes, rue Claude Farrère;13/04/12
75016;72093;Pont Bir Hakeim côté rive droite aval — Seine;30/11/12
75016;74609;Rue de Passy, Chaussée de la Muette;08/06/12
75016;82540;Avenue Georges Lafont, rue Edouard Vaillant;28/09/12
75016;84766;Allée de Longchamp, route des Moulins;02/08/13
75016;85275;Pont Mirabeau aval — Seine;10/03/14
75016;85982;Pont d'Iéna amont — Seine;11/04/14
75016;87335;Route de l'hippodrome Carrefour des Cascades;01/10/13
75016;91353;Place de Varsovie;15/06/12
75016;93829;Avenue Raphaël, boulevard Suchet;09/11/12
75016;97703;Avenue des Nations Unies, rue Le Nôtre;17/02/12
75016;98777;Jardins du Trocadéro;15/06/12
75017;10510;Rue Cardinet, rue Lemercier;08/06/12
75017;11943;Avenue des Ternes, avenue Niel;21/06/13
75017;12852;Avenue de Clichy, rue Guy Moquet;03/02/12
75017;16458;Avenue de la Porte d'Asnières, boulevard Berthier;09/03/12
75017;17064;Avenue de Saint-Ouen, rue Navier;09/11/18
75017;92088;Avenue de la Porte de Saint-Ouen, boulevard Ney;14/09/12
75017;99639;Place du Général Koenig;20/04/12
75018;10630;Place Jules Joffrin, rue Hermel;11/05/12
75018;10631;Porte de la Chapelle, boulevard Ney, avenue de la Porte de la Chapelle;21/12/12
75018;12278;Place Paul Eluard;08/06/12
75018;15048;Rue Jean Henri Fabre, rue du Colonel Dax;21/09/12
75018;15446;Face au 86-88, boulevard Ney;14/12/12
75018;15626;Av. de la Porte de Saint-Ouen, rue Louis Pasteur Vallery-Radot;17/08/12
75018;16334;Rue des Poissonniers, rue Myrha;07/12/12
75018;16561;Boulevard de la Chapelle, rue Caplat;23/02/15
75018;18023;Place du Château Rouge, rue Poulet, boulevard Barbès;09/11/12
75018;18086;Rue Doudeauville, boulevard Barbès;14/11/16
75018;18087;Rue de la Goutte d'Or, rue des Islettes;14/11/16
75018;18088;Rue de Panama, rue Léon;13/10/16
75018;18091;Rue Pajol, rue du Département, rue Philippe de Girard;31/01/17
75018;18093;Rue Pajol, rue Romy Schneider;
75018;18094;Rue Riquet, rue Pajol;10/03/17
75018;18098;Rue de la Porte des Poissonniers, rue Jean Cocteau;
75018;18104;Rue Marcadet, rue du Ruisseau;02/05/17
75018;18110;Binet — nouvelle voie Maurice Grimaud;23/04/18
75018;18111;Rue des Poissonniers, rue Championnet;08/08/17
75018;18112;110-122, rue des Poissonniers — prolongement voie vers rue Ordener;
75018;18113;Chapelle International — nouvelle voie créée;
75018;18114;Chapelle International — nouvelle voie créée parallèle;
75018;18115;Rue Labat, boulevard Barbès;14/11/16
75018;18201;Porte de la Chapelle — boulevard Ney, avenue Porte de la Chapelle — Centre migrants;14/02/17
75018;18202;Porte de la Chapelle — boulevard Ney, avenue Porte de la Chapelle — Centre migrants;14/02/17
75018;19071;Boulevard Barbès, boulevard de Rochechouart;07/09/12
75018;20785;Square Louise Michel;08/06/12
75018;22378;Boulevard Barbès, boulevard Rochechouart;10/08/12
75018;24022;Place Blanche, rue Blanche;09/03/12
75018;25902;Rue René Binet, rue Fernand Labori;27/04/12
75018;28369;19, rue des Abbesses;29/06/12
75018;28849;Rue Stephenson, rue de Laghouat;25/01/13
75018;29420;Jardin René Binet, rue Frédéric Schneider;27/04/12
75018;34810;Place du Tertre;16/11/12
75018;35021;Rue Ordener, rue des Poissonniers;25/05/12
75018;35296;Rue Stéphenson, rue Doudeauville;23/11/12
75018;40936;Rue Léon, rue Cavé;25/05/12
75018;41624;Rue du Département, rue Caillie;29/03/13
75018;42595;Rue de Steinkerque, boulevard de Rochechouart;13/01/12
75018;43793;Rue Caulaincourt, rue Joseph de Maistre;29/06/12
75018;44255;Rue Yvonne le Tac, rue Chappe, rue Tardieu;31/08/12
75018;46275;Rue Marx Dormoy, rue du Département;20/07/12
75018;46817;Rue des Poissonniers, rue Marcadet;15/06/12
75018;47167;Boulevard Ney, rue Charles Hermite;14/12/12
75018;48778;Rue Léon, rue Doudeauville;09/11/12
75018;48934;Rue des Poissonniers, rue Doudeauville;09/11/12
75019;19078;Boulevard de la Villette, rue de Sambre et Meuse;13/07/17
75019;19079;150, boulevard de la Villette;06/03/17
75019;19080;Rue Edouard Pailleron, rue Jean Menans;18/11/16
75019;19081;Rue Euryale Dehaynin, rue Tandou;30/11/16
75019;19082;Rue Gaston Rebuffat, rue de Kabylie;16/09/16
75019;19083;Rue Paul Laurent;08/12/16
75019;19084;Rue Bellot, rue d'Aubervilliers;16/12/16
75019;19086;Cité des Orgues de Frandre — rue du Docteur Lamaze;19/12/16
75019;19087;Cité des Orgues de Flandre, Porte des Flamands;23/04/18
75019;19088;Cité des Orgues de Flandre — Sud;26/12/17
75019;19089;Rue Mathis, rue Archereau;06/10/16
75019;19090;Rue Curial, rue Mathis;07/04/17
75019;19093;Rue Colette Magny, rue Bernard Têtu;20/10/16
75019;19094;Rue de Cambrai, rue Alphonse Karr;22/09/17
75019;19095;Rue de la Gare, Passerelle périphérique;
75019;19097;Rue Césaria Evora, voie de la Blanchisserie;Début 2019
75019;19098;Boulevard Macdonald, rue Lounes Matoub;03/07/17
75019;19099;Boulevard Macdonald, esplanade Nord gare Rosa Parks;30/05/17
75019;19100;Gare Rosa Parks — rue Gaston Tessier, rue Henri Verneuil;06/09/16
75019;19101;Rampe Ouest vers boulevard Macdonald, rue Cesaria Evora;30/05/17
75019;19103;Boulevard Macdonald, quai de la Gironde;17/08/16
75019;22881;Boulevard Macdonald, quai de la Gironde;22/02/13
75019;25240;Rue Compans, place des Fêtes;17/02/12
75019;25856;Rue de Crimée, avenue de Flandre;21/09/12
75019;26293;Rue d'Alsace-Lorraine, rue Gaston Pinot;30/03/12
75019;27454;19, avenue de Flandre;17/02/12
75019;32897;195, avenue Jean Jaurès;11/05/12
75019;33367;Avenue Secrétan, boulevard de la Villette;07/09/12
75019;34140;Avenue de Flandre, rue de l'Argonne;14/09/12
75019;34611;Boulevard Sérurier, rue de Périgueux;21/09/12
75019;34892;Place du Général Cochet, boulevard Sérurier;27/07/12
75019;36303;Rue Petit, passage du Sud;21/12/11
75019;36787;6, quai de Seine, côté bassin de la Villette;01/02/13
75019;40743;Avenue Simon Bolivar, rue de l'Atlas;31/08/12
75019;42264;15-17, avenue Simon Bolivar;25/05/12
75019;43350;Place Armand Carrel, rue Manin;08/06/12
75019;44802;Rue de Cambrai, rue Benjamin Constant;31/08/12
75019;49339;Rue Botzaris, avenue Simon Bolivar;06/07/12
75019;50640;Rue des Bois, rue des Lilas;17/02/12
75019;51650;Boulevard Sérurier, rue David d'Angers;31/08/12
75019;52246;Rue Rebeval, rue Jules Romains;17/02/12
75019;52383;Place des Fêtes;17/02/12
75019;54117;Place Rhin et Danube, rue David d'Angers, rue Miguel Hidalgo;24/02/12
75019;56891;Avenue Jean Jaurès, sente des Dorées;11/05/12
75019;59248;Rue Pierre Reverdy devant le parc coté pair;15/06/12
75019;62302;Rue Petit, rue Georges Auric;20/01/12
75019;63449;Rue de l'Ourcq, rue Curial;02/11/12
75019;64319;Avenue Jean Jaurès, avenue de Laumière;08/06/12
75019;64554;Rue de Meaux, avenue Secretan;23/03/12
75019;67376;Avenue Jean Jaurès, rue Armand Carrel;27/04/12
75019;67387;Rue de Belleville, avenue Simon Bolivar;18/05/12
75019;68495;Avenue Mathurin Moreau, avenue Simon Bolivar;23/03/12
75019;75203;Rue Adolphe Mille, avenue Jean Jaurès;11/05/12
